689555c2-0bdf-436b-97ea-a2314b4f4c52,A03 retained baselines ja 2026-09-26T18:52:09.777Z,1,1,8c610bdcec8538f412011b3ab8097f813832917356e0c57d2b0036ff3e28f382,2,2,succeeded,cc3d0d7652f045708d389a2a67c587db4e5392845d1b35d6e173cd81e62281ff,7f330d9dfa4d320c1be67edafdf53f7f4410668b0106967df209a6b19e89936c,6
2b26d04a-dd91-4935-9b17-8ba6a7184433,A03 retained baselines ja 2026-09-27T05:00:17.620Z,1,1,990b1c3b2032e628d4aa6f737d539dd39ae325771369651a3b7c975bbb594738,1,1,succeeded,59be4ddf626698d10a52ac94a6dc68882f60525d76fc3e6f6046a81639c45920,0bb694a079c1eb3f277eb89166f09d68a9541c097e2e5e6b29eb2975750c4e92,16
5f56e5ac-509a-46e7-bcc5-4ef6a8db51b6,A03 retained baselines ja 2026-09-27T05:04:26.743Z,1,1,ab92e5f5a52afc54f6c85902faa4403b599c90da1b2a5de7610f9fe5cbb09c76,1,1,succeeded,6e23cae1d8184428a77868499c79bbc82c6317c8f9c6edb797ee0c652f5064bf,58ae25661c06cf1fac71371104371a16654598cd971a2d7e43576b6e90f7ca7d,63
45e6a4b7-4fc3-43de-8dc4-7c928325f689,A03 retained baselines ja 2026-09-27T05:04:26.743Z,2,1,47a74974f97b32ca477046bc971ed2bf2b426d1aa1f6c5fdb244c03940905ac0,2,2,succeeded,082681df639d7648b36f9f6f6dfd7a0a5b567176b1b53216131d285fffe13cc2,99f268968623d335a0a2317d1f01ee7e8ac80a03a5e6b258ac6ae987f13e1d4d,13
09fcc087-bce2-477d-a3aa-bbd618a4d329,A03 retained baselines ja 2026-09-27T05:15:42.180Z,1,1,127b2463b5fbd188dda061b9e8c53b2ddfcdd749359a6d4408c78710a183d38b,3,3,succeeded,94f967344bc31d7c8b5769281b469b33730a84f384f1c74011b7c8cb846b10b9,99f7884645966647c3167f8534d100d1348eb95ab8a589b695dbc7c65cf64f0a,9
541ded8f-5b0d-4139-9b52-5ab6a50ab650,A03 retained baselines ja 2026-09-27T05:15:42.180Z,2,1,508d4269d36317c7e38f263b84398fdf10ad36d2c1441097969cf8e0cff0e8ab,1,1,succeeded,fe3f04a843e0c1e08cff150a20f253d631fa6dcbdc1f5f84b6a6c8de2b6579f0,637fe3b4848e078beb0cff01fb47049a80fcc7ce54e94161a281d4792eecdd8a,3
c1a3e5f5-e428-47b1-8381-e2c6bcf3652d,Tests,1,1,80b1e6b6b74b44d2e5243b31ee8405de6bc8d328383832406d7372c9dbbc9dfa,1,1,succeeded,9d9ea90f36557b650960004d0a9ac7c96f8703411dd4594705b505a2bec2a46a,11b96a731615cc4a8a6417ced08d968e91f2f2387e204ef1b18cdcabd300a057,3
9964faba-8cb9-4103-ad7a-c54c6ee20319,Tests,1,2,753a59a926cc186090c937781e185bcaf4cef9607ced1fc95a5c7d4ddb7b1cb9,2,2,succeeded,439c9a16473ca212c86ba90bbae54b831e61aa911202dd1a4ac28f4f4cb1742a,42b464cdf024ec0d200a217d04a1af1beb2448d538bd936695e73625362dda5a,1
a3a17a74-5015-4361-898c-fe5d620d7e46,Tests,1,3,2a5978bef8256b91094d987aaf88049894d6bcf6e7d9724b804f1809469c1f19,1,1,succeeded,291590e1ec9a98060dcc1f93a26e9800cfdbcf51a55cdacdfc421f04ed262879,2e15950ed6b875ac6ce0fdfdd8dd86ec1910277dc177fba1aa82cce6f480b694,2
b43b2b18-ae99-41f6-86fa-76dbed352fe1,Tests,1,4,eb0ffea59ebd84e22afde51e28e791d8d3253370a3f7f408e6035ff782d77797,30,30,succeeded,7f9868821e90672327b35a7abca3935ea4156b496f63c31ed625ff7ed8dfa66a,c40b6bfacd592fe992e6b205517be34976ee184cdb1563c7e9fb48873881be28,6
9d2e7e67-2f31-4ef5-aeac-3ef727b4b9eb,Tests,1,5,27bfc78f51030d3a1668f9b24d9181935aaede92cccb332c9d88d903973da9ff,1,1,succeeded,25aa5880fa0c9a6b0c6610b3aeeb3fc0cd12f1b0dacd3893499ea2522367ca6d,64db03ebbeda93f45a7e9f498376d1f97bb9fa1a08d6230e0d87e2eaf8ee2b3f,2
48734ded-662e-43f7-b87a-5c8339292d62,Tests,1,6,4d226ded46ba96dc87a72fec1d875741e3ac826af5fc6d5df8c691543dcee399,8,8,succeeded,5ab48920f90514b056a985b622f0ac1a086f978403482df23a7929d774d43f31,5e5e24323085a2a4f4879a3b5090fd4f3a77e958c035eda67bf0e5738f929e84,1
cde04c6a-74b1-4881-80ba-25e89471bd46,Tests,1,7,7a8dff9f988257a226c91974f487f42e22144fd3532374b1d31ae737e215872f,2,2,succeeded,b80e4dbb91ac326f2f6e2eecd1e4dd4b4ebada1f990eac61ceaceeae5fb9cecd,a7f26c63f67a5400d36fbf699e5f4bd5b40bab02c870acbc3707bc1527915a66,10
13cef009-5293-4fb2-adc4-db00d67e81d2,Tests,1,8,89089bda463347eb96c211d5aa63cdba055c5f9ad2f1166aeab9900f17ad4346,2,2,succeeded,c6754f9b6e1d9ae90e53d394d81039358c4c0ca1c236152f5c22ed04c366dd41,48da51d8c0c2b546b7e260d3dbdd088d3b030c470df89ea031c4e22a5d3fb297,5
3e3867c7-fed5-4881-8b5a-5ac551ac081b,Tests,1,9,6f66636f70bf38ce6545aae999308bd0328574dc8d67d2f0d1784063a7d16513,2,2,succeeded,41361f2504d80019367d04adcfd0d274600730f9d808a50564dec25b3a978088,2df0276a28e9424bf450b1d50a7bda05df42abe9200f5fae4809e91532722287,3
1cc373e8-f0d6-4a24-8e32-b34d84f80342,Tests,1,10,95edba13c47219eeae5552f7e83ba59ac52c5d10648e33818fd8c735adbfb3fc,2,2,succeeded,e7f9127b7865e523c3a4fb92fb50b620a9615101ca4442ccd9449b2af9a1af19,5e8d09fb93bdc939a3ecf6be45560726b97dff51c29463b032c758686f5f03d9,4
ed7a922a-ce39-44ed-b62f-fdde1b4ca4b5,Tests,1,11,a472fb6e8ae019c58e46a0b81d6eb38e143dc86e68e074c1e91bc0a504eebc50,2,2,succeeded,1bd05d6375995874744dc129f41cab28618d23658923e6c194bd555d7e87bfe7,91c9c2582d58deb20ee10ca06b7b7149c2dcf9432740be67f1377bc0328b3352,1
96001286-c4c9-41c2-aab5-49c3ccf256db,Tests,1,12,08105eb414a7f1a12129da96d7c2ecc293803574779c35d00eac4b11f8fe46bc,2,2,succeeded,fe4eabfd82a7eb87c3b3acde1bed1730a97abb9237caaca785a932afb6066f25,86af93f5c5fa95ab0410c31b0a29689f87e5b511c24bc14908a3cf7f58be1961,4
a98c376c-d587-4500-a3bb-dd1eb47b91f3,Tests,1,13,ff3498365da03377a0c521c7431f97ac10bcb3bd7dd725ab9ba8e2c1a4f6a89f,1,1,succeeded,36c0420ba7759cfa68e9635a7803c8d78aefcd34689d79f4cbeebde35d935125,838518e3c2dff90a6f570463fd2d23dbb3b3cc617c37b17d9fe937e86f61e8b6,6
98f34b43-fa7f-4f08-a5d7-c355a5eb6b2f,Tests,1,14,4cb2666b732bbc23e3ff0c9e9a4b3b3f0abe45bcfe2c70e015cc6a3a2084f30b,0,,,,,5
ef52455f-0a3c-40d5-94c3-1e487c2af045,Tests,1,15,8f0e4edffff9e2f5b561f63660a8e7e5b8c1065b7e77daccc0a66ac1e411c541,1,1,succeeded,0532048dff0040614edc919bfdb904bff60edcf43466c1642b6cad6e256c4df6,21b9e158b275eb71a91e6f8edf8587032d90d39ea6e134d73d87635ffdc4c9a6,2
619b02f9-b1e3-480b-aa8c-a48983147eef,Tests,1,16,c442c63bf2e314d5b4d51c711c81b9ba367b8555bbc021d451829d6073f18284,2,2,succeeded,13941a76f3134259a13aaa4a8d01092ec47e6cb206a49b8032219baf0c14f1df,71d0f8f3217ee49b11c2ca60db5f94243c8a259bf3c7ab4dd945f46af11a7fe7,2
71026f1a-d611-4d9f-85c7-5d5058c94b94,Tests,1,17,0c8bb202b1698cdbcb1a58c08010fcad6b4c3b5e69aba9ac8484a975103f6350,2,2,succeeded,02e32c6334dc9c796a420c661b9a1cbad4d8be4878ea64bafd272672d619d772,a5b9155faf90913050d8f426e7f980a0c59f9b35fc7c9815580b2e23c9050422,3
39cff708-a72f-4cec-b157-ad1cb001b519,Tests,1,18,d3947049d254f8d18a2757a7eb14c95da412a191a61519b9d9b592a82eaeb495,2,2,succeeded,4d1890475c71df16cca4909be9e3bb94d6e707fad074a8ea924181b7492c569e,0e221e1920685084546a2937c8ff70e6385349ab132c5b32122608fc4f462d4c,4
60783c19-541d-4870-bb9f-fbd55c2b58ca,Tests,1,19,bfd30f82aa9003b353fedbb0e758b83fd9c2fbec914e46bcd98cccf093e79464,3,3,succeeded,dcf25ab561f12a7a5274d0cc171ea47bb7b7fa160b13db7ffaf26fd1c4a118c0,e1242e61784063ab3bd7b283e7278727ea7ec30124dad1ab1a7dbdfc85ff8d30,5
a11b9aac-d91f-4a8b-9f17-b874d32af1ca,Tests,2,1,c9bbfe39ed89df4337e85e5c9cd71d311549648cab20ca12643ab70a10477fd2,2,2,succeeded,22fe12a82979d7e9489919d69545d998d5021297fca6dcd7e3a1e9f1c01a25c9,44f8c8510697f189d0e7ea0eec08aa033ee3afe7bc9b6adf7e3d772acb278173,8
364468f4-af5e-42a7-a318-2a37dd68ab1b,Tests,2,2,87c3df99ceca94f061e8a6a8663ae0400f05d158b5d9b4703baca09d274c75a1,4,4,succeeded,ef8709908d3c776ac8557ce98b1f784d8e37b8d8b897ed173ba68446fdb41079,85774aecc75f1a9ca326b6bd86db717ce687bbf157c2cea4977a7fe6a1cfdca9,9
a553542f-7622-4349-a054-d3c442401c2d,Tests,2,3,7e2e31d06e49adaff0ad60c3129ffde0c3334dd2d69dd06feaed4452e85ba01d,2,2,succeeded,6f3c6720ad04783876fc6fda1cf00a13eb2f0c119f0766d8277c04f05a89ffc6,b1acd602a2c3ec1f21f78ef4ad708bc51b774664f36372868c25381de1731105,17
80d5edfa-dc55-4852-b02c-1ec8228f6ea3,Tests,2,4,3d536f381ead998e1bdb289799942f6655c3b55e14b2f6cb0e57b8527036c64f,1,1,succeeded,8f28d22d4104ff0d2fd69b7ceb814e56f383d246451b72aae8ff5aa1b3e94b61,b30db89d2ad350e8f3a324fca0677236b695fe9d55f5e99e8f51756994040829,2
f2e50cf4-16ba-4b59-8bee-8e3c86e4a51f,Tests,2,5,55bb6bfc47777a8f845b82138d119b69c306a92d614b56cdbf9b9014f4bd58c6,1,1,succeeded,dfb6275e81fb50e1395ac876ab51cb17342734b3f957c87695c275d16c9d011e,e748d00a2ae18406833111f1b7dae49f86010e8aef86fda21b2f2f6b88bfda9b,20
980014e4-6cbc-49af-a9e2-5329557a69ca,Tests,2,6,13a1ec45119fd951c92fa7eb4026004bf713f127bc6a2352c9578174053286ad,11,11,succeeded,ac112e3bc0a800bee00a260ea0245f2305c1080c9133a95c32931b8c89ff86e4,82c7115fe3b2ac71e417d2c1635591b85d86477a44316600fb2fb39dc72a064d,6
a626acd2-db5d-4ae1-8732-1a601333ee44,Tests,3,1,e3502f1c58e001c97302164b649ecfb2972a2b77ebf3ce1adf60b9bc2db73fd8,2,2,succeeded,6c6053cf8230ad6e983699fc81fb5c73f2e5ad605094fd338c22ca084dbd03af,2b8bdc8b7290710027d377cb3e494f9ba9bb75bb22a605aca62078794bba5034,9
6442f8c1-f6f7-4a19-8825-8affa09b78ee,Tests,3,2,1bf1166ae5d3d7b8de64ec0cbedb7047590a189b4b9486ce4e22799ebb49a665,16,16,succeeded,86e6d11e7502eb136bd8b2f052830b9f613b42092e117d5fdbd98f622d9121bd,4e6637058d2018510f6fc86b4183d54ee8ef627e3247cc2465e8e00b4c751bf1,5
fb69943a-1a29-491b-9324-3f827977865d,Tests,3,3,d4f07a2f778a0bf90e42140cf82b0a3efcf1a5dfff6fb7bb62ac2946b785ef53,2,2,succeeded,e068322f0dd6b560befd72369e74c138365e93bc54fd0cf85f47e847fe333c68,67f2b30bc36626961fbeba79bc1cfea1df7edae6183a4e03171ef45b5769d7dd,3
0b06723a-3674-4ea5-be2f-46ba19bde00c,Tests,3,4,d19deaa6ecc5eb1b6e53c81f732b3e02d9b25ae6827794cb8e7d332988ad3539,4,4,succeeded,36a95e808a3590db75b05eee92eb5492bd5a80976dbb9cda0a9e0af72b1d6545,b2528a0fb25022fbf26dc8e78b7bcec241b78d8ea284ad875a266bc1b8e6e307,4
b2aef71e-b5fa-49bd-844f-2effc32a6edb,Tests,3,5,01a1fba38a7ea620877bb7796f44a97fae7be26c616b08335731aab21e1d2c88,2,2,succeeded,2451861b8f974b1e72962ebf52881b15855e0e16ec7f959a4c995bf6939a08aa,5a011e18dcd2fe0397cbff94179834f2ee041530c3809b5cfb71ec45d5018f51,2
537d18a8-a5fe-4cbe-8658-b297017960b5,Tests,3,6,c08b485fc7f1159b3d73184ce941988efe57852eb8972a9f6eac756b9c202f0f,3,3,succeeded,f42ec5d462dd374d656ab4ae18866801c75f4c6aa67ce097018eae43bc8f1cd4,f32bf997c12c513d6ad16a06e04af7c5523d21d284592155da0c31bf395b7fa2,4
2f3f8ada-0025-4b73-8df7-a64609d01eea,Tests,3,7,a4d8ce534e8b2bf3c7b6eb1c1c5e3cc9f57ec82966833cd8e13b51622d8fb4a4,2,2,succeeded,67cccf2319a05ea4de81002adfb27101f62e0f8234127825fe64a393680b1d7a,b2acfcb3f790ce56769e0659fd321318eb6ff88bf8eef0d1495ade57ffbf4b67,8
7778e9b0-18b9-499d-8640-4c72ecf56570,Tests,3,8,b187b81041fc89cefe032950fff17b31fb69f3a35f97cba6e78ed4c6f323154d,2,2,succeeded,756ce6d091053535c7510e1b9cb93c274b2fad694b9078c3abebe9e361a5d449,81fec6eec8cb9e42037a25cb431fd428ee1f84261cc700da8ad8ba0ee3b0e02f,14
97ac2883-0e50-41d5-b43e-21f4aeaca784,Tests,3,9,29133ee3dd612bc69cd23abe8d1ef9b4f64cfb2b81ee3b8652728aea20590a1d,4,4,succeeded,5f36fc4e8a18ea49d10bb10935aa7ef52ff645571b037158bc4ed75ea9dfb76c,dd70116943728c43a14305028023e68c7df7f1091597b61da9e811410c948013,8
8f7156d2-daed-4b49-9908-6c5f7227aa5f,Tests,3,10,4188cb8e28b21279b55e94ae23fedd7ed9358142d49c91b9bd233af3a78cc50d,3,3,succeeded,6691cce4ef8e7c739c5781beae75acbfead7aab947ae177c298e2495987f62b7,fc6061636a9bd1f8257863a0e317d596fdf269d62baec3a6a6dcdce6693d0e63,7
c9d01706-d4d9-4f01-8933-9415904470d6,Tests,4,1,f8ee3af1219d223a655bcf9ce2f247cc9614395fbb0bbbc576b04cf17b7b6865,1,1,succeeded,ef54171aac25884803acfe8af370292a98f72745cf5912df8870d911e7b93dc0,199e31c435fd4388c3b331ad5435f93be52ec2adbed58733977d0a2def58f192,6
0aee198b-6eb8-40e0-957b-78df663bb951,Tests,4,2,ded7f34e2d0ae68a8670643b795d43668a4a111c8aa4503120150217384096eb,2,2,succeeded,72697ba2f95cb8ace8da5aee5827f07072490fce3d0e4e934591c8acc7e45597,6a9fd155048edb7d664dfd7988bf1d0260949b44e2cee65eff6a8e8af17aea68,8
f3c1a0ca-5a7d-4183-b8f1-2233a196c879,Tests,4,3,476784c8cec578612ce1212072c572baeba312727408c391f883eb7bfe8dda8c,2,2,succeeded,d489e650a8e798b2efd3c5562e9fac42541727e93ab01614ba6ef53b78138f62,88898fb96709000f2d539fe54f179f4d9657643f3843efd6a3b55a65576dba81,9
9492d6fc-5127-442c-b1b0-a5d6ab936ac1,Tests,4,4,f0abc5e30aac6d8902b4244f7f058536fbb255a46fda39e5ecb9a745aca1d255,1,1,succeeded,1c3462daca2dadb826d2aa696aa24b9fc75e472b6733b9795bfd710690148a7b,5b563a8733e1e2a68fcdde3fc41967c5eecdb7dae6d29fe1af29fe8884c68f38,2
8c4b1cb1-5f88-40c2-ac7c-9be2750c337f,Tests,4,5,abcf0e573436dfa0dfd8a594eeda63fd3fad6fd8a2237604db04506cfb6d3728,1,1,succeeded,4a5dea51c6cf5a40346ab72f2e5e5b87ab5c616b8ad7529c5f6ccd4673a02936,9c3625825fb85d55c771263439a676275c3350daae72418e8d355428fbb15250,14
26d50bf7-c120-4e01-b6c6-e4271d1e2200,Tests,4,6,d7377f3690bc9f3c7e87e56b556c2533b050ac8776a6f0c6afff8af2f7a174ed,2,2,succeeded,f5902e182f0695aadccdeecf37a4b8218ab838ae088aa4aec9f0f6e771ba65a9,ca1ae4d869f692dbc9dd00addecf1ccece83bf7a514fc60650649f67e6b57c0d,1
aafdae8b-d209-43c1-b6ea-96365c4defc9,Tests,4,7,cfe7c198291f7f39c7f89a6a1702091aaf1b96d0734e196ef849cca52979ff8b,2,2,succeeded,8b9982a10804ffeb511837b8b34e54e697da77a8fd6c2fc82204bdab4edb0445,0a164cbfc0259f161e6aad75c3ef7174a64cfc5ece247bfe0d804565903fc321,15
08bf822d-c371-4f78-b182-4b7cc4f75e85,Tests,4,8,ef9a8c9d113e94148cde26146e76a956dade97d132e4ecf1e60880b0117f003e,1,1,succeeded,f8a840b8104fb70153a5e7c372862830292d5ab95e0b50bc8301b1f62e4728fd,e8f473d1e7832e52367bd899464ff55d309a1d3026638f8cce6cfe869f5e697c,13
ab88da23-db3b-4f4e-90e1-665ef83b6f74,Tests,4,9,2f630edcae81de1f8426c5645756c233360742d88c9f1990d2fa19040bad4f52,1,1,succeeded,9a29f2fe054ae6087bb6619fc0df4795252d9976ff8263c357a8d3c26cdc9eaf,740fa5c95590bf622672f0675fff3ae9eee52fd424577791076aa2105078d3af,11
023c4fe2-994a-40af-80d8-129ee48c0e11,Tests,4,10,d32c3e81c1efd078f3469762910d9b53c917b35d629f84d44c989dff8436c0d1,1,1,succeeded,7a81f0cfbea9ba4168633cf2a041f233a4786f37a4821f465317f1b82d41821a,781a88f9454ed45c408853652a54fa381833d60f9b0346f96884eb493ab6f5c8,13
3eebc857-21b8-46f5-a984-72de6ddea820,Tests,4,11,98eb94e45faf1e349a6c6d27af6e6dbdd15401ae4829970f7b3fca58fe93a703,3,3,succeeded,625cc79f3be13a1aa997b279a8fc057a86e5e39eee056ff3e1fba782bc27d512,2b6e8471612c8c25f8c2db27e6dc909f1d5e77484a5fd6648d7a294ee89d4e42,11
4d9fd989-a132-4664-8830-c945628aa9ff,Tests,4,12,3a75801baa5acc1ef29a425b86969d9516548cdf5ef849e92a8b1cab8778ef00,2,2,succeeded,94b620732744e862cbb490ce7a4c545625f859fde5234e6c6321093b842cc7ac,c86ca1244e53ca225362c29ede3f100a14017e39a8ebb8952583291ecb01a22a,3
5b63caa8-80ce-4ab0-ba50-b1415745c60c,Tests,4,13,fe14d631b19cb0271caf385665b810f80ffedc53b25442c8a775160e143fd16b,5,5,succeeded,dbb71c641e28ff0016dbbbe5e24c1176a3f5a3519130e1b298156effce53f282,36a740e16af559a148335267f1d12a5934e749d2883a58ebf790fe90174a4fa1,4
a252c12a-1f65-4e02-a912-072072b52eea,Tests,4,14,badbffd68db66971ebdd5ebba62d2fba60c29f11e151b0d6960c7693ff9b3555,3,3,succeeded,b835023abbab2dc1b51ff4b2bc4078b881e3e352e648f06117bcf0ebac686345,fbfaa5fe9707d249fb4cc1423d740051862edb6b99ce3a1cd907468b6e71cc41,7
2f71b7b5-7ec4-4cbe-82e5-db6b0339c3e5,Tests,4,15,f35eef2c770d5f3b0dc779040971d6d96e456d5af2635f2256b494e3f4c9880f,2,2,succeeded,b703f647a826e1e3f26dc56f9abd81a846a748994aee5c5ff7f35716b0c5cdf3,c392c290dc9bf81ebd31a0c2f06a90d40d8407e3a42a90cd04c5acda79472676,4
1b00d2d5-fa50-476e-a312-25137aa836b5,Tests,4,16,f28197d61bc4f66a0b11093e5dae39b9423fff39f74676092b76fa2fdcddd249,2,2,succeeded,2983c2583110e493db84fb6dd96371317954abc70385f97d655f085c7d19c624,274e1503f9d94a0d6b984b3db461e0a3856edfb3e386062d408c4385d292af22,7
efb8224d-4cf4-4bee-bbe0-fd156d4c3d1b,Tests,4,17,2b4aa4fbbf4af2d9b1be62b57a6de7fb210c5a083d89b15a9ecc74baae91ba2b,2,2,succeeded,fee73dc27eaee214c9ba8fba84ae73027064cf660752ebf4dac2061e09688245,215ea64e85df2cbcf127f65b48a0ec72f45c8a04b6adf3506518c8a628d39567,4
c4da12aa-105f-4b78-a353-c98a130305bf,Tests,4,18,bd4e080ea8f857af9cb20a26870c59d3d8a5d9f0e3f65c37bdfc72f02d1989ce,4,4,succeeded,5b48fe4c497152b4cbde76d9a07df7a182f19f2919baf00a542161579282c5a7,53185cf4a216be91dbe8c2268e02a2f3f71abb5c906997771dafe494212ed2ca,28
6780a441-e1d0-459f-8e48-62b0fe97da39,Tests,4,19,3c84ff9718bc5f792235e578011fff764bf942bd4b5fc1e180b59bbe2a390374,2,2,succeeded,e26c089ae9478fad206676888d5cfd5f5d053aa54072073b39ccc21e2318854b,96b13d6e4df5106b5b8a179a7e274e8562ebb5d2991a55c397cc920f4d9d8796,5
57d09155-c651-445e-875d-de1e04215002,Tests,4,20,ea2ffd444f9e935982f80c69d2ab71fdb204d943f475d73d7168deedd0b0d017,2,2,succeeded,9cc403e4173a39d95d21c530296184f08a4cc04bd27d805c4ac08654c09aba95,41e888d410bb45c45f15784c7a685447487a43ac5477c60e8c9b060bb8e10577,4
e33d1bab-7d52-4504-aeb8-8fd97ec75487,Tests,4,21,62b316391409057ecfa0ce27097249badacc4cd79fdac04d9c574873185e8de8,1,1,succeeded,379fa185a85291d3b9f15a897a626ee6045c463b6947f5eb964ee822c42190b2,26e5aa768d3c997b79445c7d63f532836b053aacec7d2bba1c3577371311e42a,2
8e2c38cb-356e-41ae-8424-2e81e95e59ad,Tests,4,22,bd9451bd18d56920fba45c53ffb775b11f2c97c7dc3bd17fcc49ef0b0da96367,2,2,succeeded,a5b06d536e26908df55fec13f186a70128ff860ccf78fe9295832bb4ecd8311a,c028645e92f6e0850b9583fb72ba8cc570bac4b3bef4a9df85c6fa257cdff24e,9
9a17bfc0-9de5-4a4e-b2be-d8dcdf6216f9,Tests,4,23,f26feda2c71ca8ac03ef3314da45f828a82f920d12c6a2aa1eb335c83e773a79,2,2,succeeded,ea1e9617a9fbdea9206fd785d6a7a936e1fc0e5c83495e2387f303661fa4a8c1,1cd64bf301cc37f637ef66fae40b1bec1a9fa84013fca37dab4f23adcca827ef,3
b7fda2b8-86cd-406f-b0d0-071bc6c90d19,Tests,4,24,ea20455c0aaa7501fd66581263731c2b19d3d238a32dab3d5b22df27708bdfc8,1,1,succeeded,08999ecb98333b3f43c6c1a781a53f16e993492845ca97b4f464339544ce3a74,0233876caa784ee9cca03deedb6e51b6741fe44820d9a16f869f57b366e25ecb,4
c4b9a191-f939-46be-9432-2719b7febb37,Tests,4,25,81f40b5b80e545cf68609c07fd5877470be124e27915f99e55b44b3d39684835,2,2,succeeded,5a029a347a27aaeea7dad847e11f74d505492c351d6814fb9cf05852c55ad69c,9b83ad9dfdc0d874ccbd4d0fcd268c69b7c181544960a8e16ba9ad5e30abcf4f,2
c2418e63-ec8f-4a78-be62-301726040bd0,Tests,4,26,4f2fc30b1519fe8f4dabdd53c6655055557083a4942071a3595fd3b307fc1268,3,3,succeeded,b4d5176bbcb03d56ea91d1b04583a2156fe44dff9938383e3293a19cf5a9f0c4,e5682a7408dd02b2258be2183163162bbd23c8fe1defec769887f7798bf2d06a,15
741f9893-7123-4a53-b231-35200ec72a9a,Tests,4,27,a716577af4f0692610d1fb6d3c9e62bdd54a076bf1c8531f58ba3c383ecf4f61,2,2,succeeded,008d2a39e529769f37f46ede527277710b43c9a061da2795c5f001d2e5b88f64,7b31d863f9a349f7d9252bef4beb183efc24a4232c46f50b10a2fd30416d5b8a,3
b2f67437-ee1e-4595-849f-acce274bb603,Tests,4,28,7c6cd08cfb2fb53b41c0e87a659e9549b6f1ad8656893350500c762666af813f,2,2,succeeded,12d01f29f5a16cd0163642bf84def8e393447a8d35ceb1d0d751223ba84d31ba,68c4c4699c0071a2eb7d6a66efcfa1ccdcb307bb326ca80eb42e9aef4d9a2229,8
fdbfd905-2ec5-4295-a33e-6fb3ee0c55f5,Tests,4,29,26c2bd88254bc975f0474354fbb0e3898f779deac933c387793cd5b1710f5d36,2,2,succeeded,0c332f3a4537954281d9c001ee8e48871df909e981770715b459f2f28db0b489,dafd1915aa066dfdad136880fc0b98f62cf3fac22d50d949974181a21971183a,7
be9dfd5f-a6bb-412c-954e-2c897a8c7bca,Tests,4,30,539efded45e87347e37538258dfe7c0a6468f8825474fd9076d7c017ab1100a1,5,5,succeeded,d0555e6ed48f37f1c339f67429bb2541f194f04dfcd18fed7a6e0aa834a7fac7,c975818c626e156c147b0a3d05a5515a381832e5b70189cb23837a39d19a2ab2,15
b1f3043e-038f-4d16-9404-b2a6314cf4a3,Tests,4,31,d0a8cba1cd00edf749b194e6629f53dcb469284a1a8677fad898e1a77a47dcee,2,2,succeeded,f69c08fd41b55af795d06cabb0f94cf7c5c78df19bb71908a2e0988d59904ba8,ba381ee328eb068cf243b55a22f06a5ec40f682de32d4c5e59f8b580ba630799,1
6fa50b9b-9175-4745-b854-cfd119aa77f4,Tests,4,32,be1a1c202ea12dd5d7888854c8bfab1fb5303992ae4f5029a9a7c203b5cc8edb,2,2,succeeded,bc9051a234cba797c7613c70280f5f86a04acf9660c08b2ae3f624d290ca1717,8b8ffa0deaea0221961c7f0820666373032bc6a740fb8852ed7bcd311a74492d,3
f322876a-483a-49f5-8087-7a9957e6012c,Tests,4,33,515f38a6286513af992985fe38688ecbafdac21f56281b5c3c96309b3bfc6e74,2,2,succeeded,2ec5cf65faddb9e8a0b9740417063856f5ea00bbca8798606bd6836c4bb16857,5df8798f0da521be83fe2c4c6e14dbec56a4431ec64ac913a9cd5fa0a9fff4e5,4
238209ec-5220-4705-bbe5-56154d785f24,Tests,4,34,3b77320ba842ee8d1e29ea144c99732924c017f4e3214b72e37aada984080d23,2,2,succeeded,d1707efad34ecfae8421c68f7d71acf4ad5004dc90af0113337451771159db6a,9dc277c3df90d8bb6f61cc8b336908778e874470722d465592dc34ec2f5908a8,6
3d3c5456-f557-43dc-a56a-b27e3b337641,Tests,4,35,2095be0ddcb916ea6ebc785d8f2fd7039cb277f899021e330fc4a6c69318f28c,1,1,succeeded,7e953956bf7e33100aedde6d74395035d051fcf0556db18837af2c4825e7ca75,e16753f4a4c73c7aa5f46ed9b3b664341841e9af2efd1a006649f2190149b925,4
f6485064-cf36-410e-b65f-c2f7bf220013,Tests,4,36,7a660ebda820cbe0cbeddac083723ece679ac421cd0fbad853859dbebfc02d11,2,2,succeeded,caa7fdbe7972066d2d5bd7b17733fc1329a2cb6d0356ff2e7e9195033c027373,8a245403b93b80b250f3f6e1b1e734b2cc34de2b8e7b664dfffb6533980441e2,5
2e6a5fe9-4467-45f3-9929-e1db64312408,Tests,4,37,563cb2477f89963e956fa73d2f7d68500aa3a8c5e6d06594804738794270bd90,2,2,succeeded,8d5d29e5650441eba73d36f92e2c776e7abadef8fb83a3132e83a71896d8fbac,2925cbeaa9a08a224620d503e3e30e691659bab15e2a1a8027819f57fdde2302,19
294869c9-349e-4ccf-809f-35fe8ab16f70,Tests,4,38,a1dc6dd6f454dfd16d4ed6bb91c54faa8add063c519b19d5d02c0918f337ae9a,2,2,succeeded,9f38ed05d33af7a1f5c055cf20d92e8b6dfdc802bed7b08571b199e719fefb73,76b94b0720a816119fbaf189fd61ac3e4ef87b71622eb9c54889f03a85868912,10
687e564a-29a3-4bf5-9369-071dba0afa49,Tests,4,39,5c7aeb121004aed5f734b446b74d370cdd8d8d39ba948d9e74d3cd2acc27d364,2,2,succeeded,feb61fb6e8b7d24e06e371f1b0dc5abd9dc301dd355aa73c6526c8a5832cbd9b,43dd50ab1e60173a585a51e62e170e4e638d4227072e1c7f75c91ea903093824,4
e09bf798-fc9d-45b1-adce-eed9022c43db,Tests,4,40,91988610efbcdd4a431664c5db669712cc374fd34062385941d61c368b4ff302,2,2,succeeded,bd1d1a2fd8866043021ef188949ed68e4aa402d65441a95585aa5e0c29fce1b8,7aca642e14b589c89eedd04e0e2692b700f309fe943cb9ee3dcf03c286ec1f90,5
970ba4c8-2564-4f94-99ec-015e8e5b8e15,Tests,4,41,a0396d7879d032d5551c8dae0a8abba4a9a78bb2a88e660914521d4d64bc75ca,2,2,succeeded,4c1799c4db750227e833ebb685dd62c722b8abb269b24c59c801de88e139a1a3,6975d9f84943f3c8495d4a3268f5c53e0233a13d3dd788953e97bc20289a9dd0,4
6cb98d9d-9bfe-4866-af4e-f8591c3b9de0,Tests,4,42,18ebf8156804c044d901ae331890fe0ab039ad790089827ca822066cb9ffa7cf,2,2,succeeded,3da55845a70b05adbb6ac01d37f9d46078573304c38a14e5bff577fe0ad094f9,f6f393633ea84c5ef2e6e10bb59b7bf5f567d2c1807c17aa969d0bd58a2cf49f,4
dbac6a4e-8314-48b5-87fb-f185bd8171f5,Tests,4,43,9fd525eba59a125e463dcfb7a3691a63121fe7b95eaec1830f0f204bf353192f,1,1,succeeded,faee26a5656b57a1ed430b8ea7cce73336480fd64581c8a21028b3f254137e8a,259d6902917bb856ddce32cec75c0f2b0d252ec7afb13cb83a83048bae1031d6,4
91100e56-c524-4405-a2a7-b18c21412e01,Tests,4,44,fce06898d7360b61245a4d17ce52a7a87e6b7c9e74ee49022acb61cb34b70bcd,1,1,succeeded,68d207edc698053239b47730f13a6950512ecd1b298a8e94e1795888e39a1721,641242732c2a470c6eb30ae4bf2697e0c45efa692679125c852e1d9ef0d012ce,3
7f4e8eda-aee1-4491-9d36-1c6732f1450b,Tests,4,45,d678e6f95942a4c29dc6a102fbdbead126b6c184682a1f078e32d503b5835969,1,1,succeeded,e1996524d9717881e532bc1d401fb40af95e60f125b35c93c65aa1a08962dd49,88b1a2a56d20f3bf1e318e07bf2401c467206856de8ef107fac7e5cc8d06eeb8,3
ae5d7369-3773-4fe2-9bc7-83d97b5cd891,Tests,4,46,ddd2d0cfd47897c5ed812dcb5002206521f65a829d1be22dd1dca958e4d63d32,2,2,succeeded,03bc63049c8b8673e3a59a989fc4bb4e56121e4ad079d1f826c296a6bebb60b7,c14330fc27c76c19491bc1da5e27c6e4a081b107b39c59fb5c8a21cb7fe39ba9,4
1f41c538-d353-4fa7-80f4-e22c079e7055,Tests,4,47,861fccd63c76c43d2c6207b075dbf2d44eca2318a075b337ab7825b71f4f929a,2,2,succeeded,b9aa954c45a6ddaefdfe53fa98c92a167548dd0441feb3e371ded71a7bcf14fc,627e4cfdc664549a35e9f9c9b411445d2c5587ee58abcbacc55adb6c44381dc3,3
56e229e5-a7b7-4d86-b622-4c04e428693b,Tests,4,48,5832ef070f78611256d7869fbddd1ec7cd60d4f6d3cb7fe37b51401b789d8bf6,2,2,succeeded,7cd59fe63994a5500827696c10cd529179981655a500d00f0a7c445ae050baf7,1774677f9c8bb9c2303a02c1980aafbfba303fa62c2f25996a994433478dd544,3
1e450e8b-db25-44d9-92c3-56619be9f68a,Tests,4,49,484b161ec982364e187e9bd2ad8975899ec8e88cb357bba623c33ceccaf0ca1c,2,2,succeeded,2981c0235f4a120e00d7eb2cf804a87ad11732eeb914e8a84d341bd0d9f32497,13aace50d48fd90efed928e338dfd98291ad9e08ed25464d762406374e3fd371,6
92af8399-8c66-4550-be5a-bf89362df344,Tests,4,50,428e21ae99d826352988ecea335e48e2f18e2cc8b6700bd8a85b17d28e67dd61,2,2,succeeded,917cc1e7cfdf159161c1c7a0493777b546eb067b94849fda38b13301048a13cf,c0eee94ed3c59113acea92f396901edaad8a25019a50255af5b6b2a71d1df7e8,4
c386aef0-e1be-4b94-84ee-7415bb194f2a,Tests,4,51,fff2c2e64803ad8ff4c350b423f185692176d95f1e0d0bbac8916a6275505fef,3,3,succeeded,c57de65106038b83e78e4062e434b9e88c4984ddb6f47f838fd45464154a8c56,4b20d82a111c10e85ead35aba6d26c009de6eae4319d661b092515eebbe07d08,3
5fbd7c51-0ef5-4b43-9442-ddea8e80662e,Tests,4,52,959b01d167279833b61845f803d768d8009fb2e9af89180f420fcbb00bece3b3,2,2,succeeded,884ad69780955f1413f867f5e1ab08301dc4ab3908ce09c122caee7129b94c17,261ff8ff68a1b65827179af2e5419cddb6dbd42b22aebb07a00bdf407ea4b8cb,4
69d62b85-1073-45f9-9adc-91de00c19d1a,Tests,4,53,4c1eca59c4d5dbedb1caa8b948179c063ba848162d225bdbcbf6f50b7e9dd3f0,2,2,succeeded,7bdf1fa41f4a91c42fdffb8edb8a1698676dd81da95754505e15ad25c8cd5284,2a0b6d8a0aa2849a2df3e18ff0762da5314865452eb6ccdff60e531f3f585dea,4
63d1aade-a5fc-4098-b457-8a87dd5db697,Tests,4,54,ea656829ab53e41e36c13088757b9475bb408decf05d10b2bb30b658c442e015,2,2,succeeded,87f5b4e7d40c8ce91ed52b72721e6e1c05bb24fa26bf37ce4a6d75c4c28545c6,c659549b2e0ad2872dba544c40a900a2d3b8a20d2537659506014ba46fe089e8,17
49d5d19d-7559-4f33-b330-1866b777b912,Tests,4,55,d021e645fa2b6fd1777c86b4b17b4161969b8f882a406b63eabce62347b3ab1b,2,2,succeeded,4bafb34ab9f11e52f72ea16fda848f42829a8ab3a577d19b636b8514e0bff720,3b9fd879f429d883c791282f805bc6fb87fd6ec5af405070fc49799fc151f030,4
229978f8-7292-4146-aa48-c97ab0cb22e0,Tests,4,56,b9b24f3bf7a82da50d21696dd43feba7b87c191e4a2a18853e118e5521e54f81,2,2,succeeded,21ff6fcb564c27cd4409a629366d6629877ede63df5775b8e6170942f9617787,a17bbf44e27c8155ad7ecba3cd3154182da3ef94ad0ae4bdbd697ca0da10a83f,4
322c559b-d7cd-4bf5-9310-d2487b6a51dc,Tests,4,57,c77c51413943622a4f4d7be00715d2aad46fa496392301095e1a7cd91455f3f9,2,2,succeeded,6d5ee1e1b72505efb683ffbd12ffd4645aec0b6539ca45cc87438163bc08e084,f795a056292acca440b9bf31393a84372ee1f1af615df65f8eee62794d824f65,3
a603200c-8087-45fd-8942-6da1a4a78883,Tests,4,58,e7cc0dbb5ebcdef3ca79072d84a3826848682501c85b558efad460df8deed411,2,2,succeeded,e177b86c0303b588dc6f8ffacb770349e230fda4e0d73757f3631066ffab0ded,454b55f5286250cda6e58027bf8ce9af2e39192245fc6cea53a7350ff9d995b2,4
4d0dba95-185e-482d-8ff7-bc6d1f9f4edd,Tests,4,59,0dc80992e6df500c9d2dd2ce07a2d99b1cb50407a099e22fbf30c53071987f90,1,1,succeeded,8bc04731fdd27e92e36ea0d24c16d2523940830a23ea6cd081c7f026f0710bb3,d419b0bb80b179fc6c7c5dc6178fc608b34be1849e571cdab4cceb971994e81d,2
56357640-b462-4c1b-8241-f44ff580e28f,Tests,4,60,3df4f6d5182280cf97851a3b3bf47f9673d004aa809d9cbb762d3f2d73a32aab,2,2,succeeded,55bd7384db519b8f6a7024b0ee25295624ca31bb14940e88ae3ebece1078d126,67bafdd159d26a165259246ee2b6c4d87eaf7b5be3852c11118d7320411ff134,7
fa906335-508a-48f2-b658-376ef4ad5da8,Tests,4,61,18f62bca6b2ac30c79ad263aeca11f544197b5a7157a900a74748dac00610fc0,3,3,succeeded,bb7b36b3c6c51971c6ce51a2ee08ffe0c67112f35b57ce8efea7b941510890b1,ba34591697398357c3b2ec63a6efa158ffbef002df0ed5b0c788e76d7b7c7c51,14
44c2df52-3fa6-45a2-99ad-3fcd58d31928,Tests,4,62,8f57e93f45fa62ad47dbbe69a20b89aa72f30575bcf36dc14b619d327c97a352,2,2,succeeded,ad3d9b59f2842632b3d3752f2d0855dfdfeb3cd6e7e33e9bea51d4b62cac7880,46fc0df2ffdb6142d2b0607babf1610facbb45e9991c1c31d182eb08cd61e127,14
ae026d43-780d-4660-bb67-7fa14d5bd6ad,Tests,4,63,342002c9563f2887025d294107850d54992e37da5a4d61daf2ab2a445da3af30,2,2,succeeded,b629d82267fbeffac331c3fca01bc9bc2661122654491bb3649eee2ef731ee13,6ae8a923db014332e44f013f8569504407b897c60cbb5f9ae93c4e579d30111f,11
3af2ac79-e8b1-4a49-9bab-8a77a7043d55,Tests,4,64,ebdbe7243dee48b5a8dd8761ccd70f8df1edb8c3ed8c7452ba628b4f572719cf,2,2,succeeded,a116d63d36b1f239795caf3424b5509b771643779c587f5215dceffee3b4c54f,04231818dd3104939eb4028cd2ef35ee9ce7e50dd1c4b947b9e555af7c8b4973,9
61c172e1-758b-41c4-bcfc-8e1f3cd6ef5f,Tests,4,65,e45e8818e9ecd695bde5db41b04ceddaf7735137f4ff55a1621dcca830945ab7,2,2,succeeded,b3b71c7e2ebabe802a80b978059c97d5dc2818186e33c6ac5700d706772b2ca5,b724c42a76b0e1aebdc13170c9cfb40321da42f0d0e99773e1b4df7f79912d56,16
11fe080d-6d53-40f2-acf2-367e35b3a50a,Tests,4,66,35dafd4644cd031b4d103bb67b2060f36d9668b54e25090935ac264876669718,4,4,succeeded,b703d4b461186a2ee6fdcc572e50f444dbcf4002a08eace8426bfd03b8cf2000,9546bd66d6cb9611d4f1bb680b80a5bb05f575c8629134d03092b23cedb21442,15
b982ee16-23b8-47a0-8dad-435a51ef8b90,Tests,4,67,b88770439c00a27e9b9f9e5a1c338cdb8be3166e6b645463dcd37bc61bf9af57,6,6,succeeded,df0e33391168d68b81db795db1865054eb1651f4c8a90deecaa1550d406a8dbb,2ded17f0f314ddd481bdba35b3443ba1ae133d1cebe96e0ede97175c1c002270,8
903d66b9-76b6-426d-8a3f-3c2e55a5466f,Tests,4,68,398b90d6bb0c8529313e3e69101394cd142a382cbfc48ab105fe82b58e6a6579,2,2,succeeded,f71abab47166b7f2dd9d22f2cc752815081d9f1f55df496e71792ecd59efc42f,7fb90a691a1d958ffc908632280ff2ee94953500d86e8e5a0287daf9809b97ed,7
37d0633e-fcb6-4d19-bd45-85cdb4c4b206,Tests,4,69,23f72894f3917d8e4a248b307d50c20b48c7b2ee55780b5289cb5f9323433d4b,12,12,succeeded,af1448696fd66bb6aeb3f2947c53d4b1469f80c8a3c404a48035783d32f34595,ee872cf6ca105d638e73ba93f36ad9b504c2e71ce8289cade0d1d88663314f13,4
d2a1ef4d-0376-46b7-af78-18c05d9871ca,Tests,4,70,619d2f7677ad11c799697b1bfa3bc03c8fa27c1efaa13b3975af72ef4b151523,4,4,succeeded,52437b7b538ac841d5d8520bf12dba64b0ea63f9406cdbe4c7a42e1602e1f547,939062b319f5473b7878caaa6cb9f511f03ef63e622a32d787048fe17e352795,14
631e4861-1e2e-4221-9412-85bf52f700d8,Tests,4,71,8f708d3b24579988dde144e090971d6a099e4faf45b26cc639380e49d786b149,4,4,succeeded,2376a4736cd077af93d27f586038d1ca70bfd80f9b3279abc7f1c103842973de,8c221a4d96d969d0f52ffdb62c03e597d056d8fa63bff1aa55261762117aa5be,9
25deae9b-9e53-4954-b9b7-190acb67f336,Tests,4,72,4a3345f7f408322f9ba92fdf133c127d13b98b1669c1a68787b3875ae4738ae9,23,23,succeeded,68bcbe3924c125b8f0745d4058a95e2d116ac42f81ef6e174d528c1137d2dcc0,81b7e0b0a1eb78d6a7a26e549a97bbe0ea7ca8a8912fab05ede34697953375e6,4
ee6b5d44-bf86-45cf-aa24-35f5ea3cdd9d,Tests,4,73,7cfb6e7b76342174e26e3a7eb720e6cb8d76d7ef84b3262a02941ca3bb165ba0,2,2,succeeded,8f88709e05e6d66b5af3aa75db6dbdaed846d9c1521c29fb3b0050dac9b1ee9d,a5165a5f5da3b698bfce1027249ffca62a4e275af69a32ec8e495ae379041440,4
32e9fdf2-6284-405c-86d2-824efe74c8f5,Tests,5,1,8196e2f2b59ee34a3bc834fc64ffa0a88a89fb23c5246758d58893c413c90a17,2,2,succeeded,57023c326b92cb46d325f54235cc45b1ca8cc53f99cb2ce19351de813f5da8cc,28081ba5aebd99b4e2844549474923e3fd13f9a770233ab2dce330141a29f934,6
c0628ac6-632b-4fc7-8ffe-9aad3764e49f,Tests,5,2,99620bc6fb9f2646ab3dc9048fc0717eb58705c67a094f24879be1a2a752b71f,2,2,succeeded,e500fed7c3bc1e76ae5f3e3be4a92be4a6d6e26b1cf1a34243f08937289563ed,61ac1bdbde25f45ad303d37682a408fab81c31cd3bc0f2722f428798a71016f3,7
4dbaa41d-1b77-40b9-8b8c-b54b64f18221,Tests,5,3,da4e9256affdf2e6f42121f436a95b71df43d8ed38865a2aeefa9c986b46b40d,1,1,succeeded,9ab99f7875505bc36cbdaf8ed44d949dbe1ef15d91da3dce6d35eaceb92dca09,0702821d45dfb6f25e57d2cc0c28627c5fd4971a3bcb8a99973ef981e9f73b6f,4
d256caca-3374-4cb1-ad68-b0eb53097e88,Tests,5,4,7f6bae0bf2afae9428997ccbf9157b749b27b00da60c8b1bfe894f87ee8b6296,2,2,succeeded,f7a3001c180900745c5638b43eb6865027138406e8d597783ea118f240467d55,2626dcfedff78dffb6526a1b1bdbf8a6957b5975426046d99d5b5378c37c8615,6
1a188db7-29da-4341-8d8a-f418f535dbe1,Tests,5,5,16155eef2ea64f72bbf313ce31567fdfcd2a59f3e7d6eb27d5977969520a2f36,2,2,succeeded,343c778094d8fe4fa7bca03f87f32a987f3d3d5d6662c5de3f5c4f14d56dcf43,1527d630aa6fd2ee9f1591ecc2890ceb98f7d7885763f960f362d01f3f78a0ef,1
f380892c-4a6c-47a4-a6a5-30aa31eb5642,Tests,5,6,8a305b2906f3c87d5d28b2e1b1b84b68758b832c3adf11c33e42133eb94c3e52,1,1,succeeded,5d9651b05da446310305f9912e47a17a8d885cb10d154ade14cc5b996cc2c7ee,dfbf0153c269319ad9c44b5eb2e04d03141cf6d57611e2e0cf954318bd96ab4a,6
310750ee-85fd-4f29-873a-886438afb4ff,Tests,5,7,5e00bc1017d4a53875d7a589233d8c7f2c5319ce052dff67d4e165b639b3b32a,2,2,succeeded,5a09167df2d61f244c60c57e2bb6c883a455ec58dfeef68d540c88807e249b10,91f10a09c2b8756786471d66e4070000f134746ea3d5bc38f5035db94c8c9bdd,9
efe463b6-8881-4c26-a150-421741df85f5,Tests,5,8,b11705f86ce53fbf272f42f6f29527f608b3b409771d5995036230330d66fc75,2,2,succeeded,c2d5f52131706cefd0e42dcf5b2d59d559c439100ea129b0f7128217c17bf5b7,7ce6cef5263d94c58bb3bf1c1692f3cd3be0e764f79acc9b6e330f5f1b446383,5
362ac9f8-ef27-403d-9c24-03c2d9a80145,Tests,5,9,461813528acf6dc5b5c5e4c0513c6478dc922f6101709cdcce501dbefee34941,2,2,succeeded,b8f67f018bf68b87073ec146de1761a71f733f76dc56202c021f22a1fbfdcd15,696b7498e70c1fdc843e8313402c64e56a2f087d1d38c144916542d56606b013,5
8cce94ed-1e99-4bd3-82d7-c24b66589431,Tests,5,10,ffe3e5b5f02404744025fde9c9dd589f1db7780866a119683d1d5001f7731535,2,2,succeeded,0200fe0e4be5226aac75cd66af04ba9d539aeabe8ec24a22c548db58ce3a420d,4c65f96f4b2c4d82698ece64d624687e8a6f96cb3ee465d4b4ab2189e627a9b9,14
04b59103-8eb4-4976-9858-60e50a6150fc,Tests,5,11,0656bb133a5c5333c67626060aaf7e6510b804add68e7046866841702845b52b,2,2,succeeded,c8c6db7fdf7b3372586c054a16a817413bc5cddd0bf041e36736d706cc8a28a2,9a0f5989484cf418334bbc3ce0d9d0be820402862d3599d316f8e62340abdfc0,2
566b3b95-1e76-4748-b2cd-178e6bfd8853,Tests,5,12,ee83692de0c2cc0468577063966289666326c0d869f90df7f0db0a423582d146,2,2,succeeded,d5b5e281019dd522e29f89b658b88ec8542a6374205fd3a8b08fcaf8697abb39,3d85ebecb3ac208d0f00c9397a8471b486955bebb9a82d8a8e79bada3669ae71,7
0156fda0-09db-4403-9a4b-544cc90ce72a,Tests,5,13,f349b92e781e8cb096b53c5633b68c497c70091199f747f8400ca01dd1237027,2,2,succeeded,38a1147716b28c6069c907cff3bd554806524e40890f88fe926860b43fd7fb09,306ba433f889686d4e282777ae839eda6d4266d192b5833c0567128cc9769712,6
f79fa9f8-0a35-49da-8acd-91498bd5fae1,Tests,5,14,1a60b3a038d62c8e5f79c96bcf3a135124cbc28fd3d2eb42370301467691e388,1,1,succeeded,cdb4de610cfd109286f61d693cd0173006c848a06ef44b2b06caaf55dd8b8b45,0effa685b03acf888d8459f039e3f47800305f51a5e3f641933504c7cfe5c2c2,6
d1ce7f03-f976-4121-9786-500b90dcb36d,Tests,5,15,6a26e70ddbb8074ee56a81453bcdc57949d977aff3550e45e5c758bc61b82072,2,2,succeeded,8aab711d820d22a05ea26069496d810e40f84be15856f806e0af30df65ded9c8,c026082411e163be088838fd252ed68717822074015a16a099d12b86d0af91f5,3
fcbd19ae-82ba-428c-957c-4ae1c25c528c,Tests,5,16,348bc20402afd991a1d76b80fb576e05e58564e2f565baa960e8bf18405facf1,2,2,succeeded,126ea801f0fff0faa729ac2b50c4cc3f29bb02dcb0fe62ed953221de7e9b3709,c094de26446971d3997ee39aab55b0d50dadc20d8d0fb222446e38750e0ac005,3
983193a6-e614-4575-af68-80118545080f,Tests,5,17,ce74a74e8a351659e2cf3ff20dc91c48819a1f494fbf5ecfe39a76523dbfc064,2,2,succeeded,c64680e5fd2adddb2cfa609482ebb42a38fa688223a753278459d35241b5f456,f05a4cd3bf12d93044ee5d300b89ccf21e2518801a09f32a161add7c51d4ed1c,10
4d9dd5b8-78cb-4cfa-98d4-469d5de84cd9,Tests,5,18,3470f169f569b5edd48335fc82ec4c75f033fdc37997722fa575c4c14fe014ab,2,2,succeeded,72fef4fdff68c0994c13f3de4be3501b1c5f73244d2ca7fad1a9e6cec588f2c3,84683755c94f693e627dcf4ad159be7d16fe57c6194b306fa7d2db539e92df87,4
b171b954-3d1f-4d2d-a507-6bff746bbe36,Tests,5,19,f459ba12c721db75e2a6170d3f05621aee45b6441c188e9b58d688aa7f05ac36,1,1,succeeded,d28af6237bb8e2f0271c773302c21a908ad41b9dcaa156ce84b47afe22145f96,5b95519202c27997334be4d924071fbe160da96462baee690f954ee66d5a0a63,1
da7d72ee-4c86-4eb4-907f-5a00bb95fa65,Tests,5,20,64b5d94501d79b6c1ad5052d6098b52d3a9a12a06cd6d3b303f6f7f7ae3ba10f,2,2,succeeded,a139c6142f6e83e847463fa96d159c70760ae3805d350a109847249dd63cf851,ba40c65efe90dd0daab28cdd438728ad9c71e3746fc373bdd5a1d47329783fdc,1
33c4351c-54a9-4bae-bd0a-ba040b6635ed,Tests,5,21,bcde1f3168c54b214709afd730bc78f2741f729fc3a2b5069928627f74693e7a,2,2,succeeded,d68dd792fc5022e5e53dee8f83231d5c529a4ce46909cfcf1a474cf515e7ef6e,97ad8782e8517ef899a7759769adca91837734d726df3493f0dfd392afb0d459,9
645ddaaa-bc6e-42a7-99d0-483cb3ac5655,Tests,5,22,1b8edbdfd1961040ae84dc0cbe4507d290eb1c3493544f21d2b4f433d93f9f6e,3,3,succeeded,2b864109639cc7a3e6df41bb3d8f724e5797ee0eb261f51fe4954439b053b1af,5d7399992008664f99a05ab8d4c71f9640c8805d930b614a2d374a7527cd5885,11
8ee318e5-6aed-47e1-84e5-be35291e4678,Tests,5,23,077b15da05805c9612f2cf36ed98d0da0b30baf9aa4e562817d82df6ee8b9601,2,2,succeeded,f073dbfee6a60abb2008e6ee517a1255c7a3e04be1ea60629763b081b06c1734,82e90edd63109142e42878c01be9eed93d82cbc0a84c57cf5a8c901ecf8cd6c6,4
d90f8eb0-851c-4641-b21f-a5cd003ae49b,Tests,5,24,0703302be4723a3b9e4de041c9441107665a30863c22d8e086afd2bc9867724b,2,2,succeeded,8688dc1e89866379b89f19e2404a79836f1f097407133c000caf3a4d3e6cf6fb,4e43ce81cd1092d08bc6a673b0006a4ddef17f21b2f8066105abea1020dbeb2e,4
9833d065-988e-411a-a02e-13f5b23d341f,Tests,5,25,10f0e849b30c9a15535c755d4fa4fa93b8c9026778bb00c78f15807ef6a303aa,2,2,succeeded,ba33f6e6e59f71fe2c07eace6abb1e4c70b97bdbef28e6e5d3c60be9ccacdab5,834d2d7b8119732fdf840e27e143344c6e5af8ded6427b9513be943e3126a4da,1
b5454b41-8cc5-4b20-a040-ff94f9647412,Tests,5,26,5ab6b050b244d80e4fd7dfcf51a3b5e6e4a66f5ed3db891fa7ae61ae56011a58,1,1,succeeded,e21e3b1e8d368f6cce4a1be7c83fbd6384a0bc5795ad4f8ac7c43b365e1ef57c,ac9eed7f7312fb54beb5a6c655bddb47970d5fce2ac231ac7a3d8bc9e2a287b2,6
b149ec05-43d6-44bc-a27e-13d855b88a9b,Tests,6,1,385f6907f79d3867f57df3d02d9ea0b0f71bd606c7d0d7ecc7c812e9446e2a98,4,4,succeeded,6529d609e3bfa1415330b6e9478d670e99b53a668b78d82db6a728e22fa1dccd,a5fbac99526c5c6f5ebfe0d243db524f4fc061672038d14df47261a825a5907b,13
193f9912-539d-49cd-afe7-0219f5b9d287,Tests,6,2,65c7d0d5cf1374076951828baa01a28f761b56786ba59bf64f8c119eff895252,9,9,succeeded,b2240f82a41b686eca791999afb8b9bd32ad933bfda1d640d09f790ce38bcf01,0226ace4d94e7c535e1253c3dd01af3d7ce348bfcffe7a271252bf8dbc8f8831,4
f552690f-8dc0-456c-acb6-6ca7ab17fb74,Tests,6,3,8f39ab6b910e325e5f2e05051279020900e4c1f581c5d75d6f701fa4a6dca5a1,2,2,succeeded,f5b5fbc92405743a5b3ca74e387aca4af21821dd28d8be8de8ecf6d53cdbb8e5,e80fb4b275c22392a3ac177f03e1b5d7ddcddce9db67153fba883bec072576b6,9
dd23534d-6c0c-4f89-bcab-2a9a36a5b5de,Tests,6,4,250aa25efbcefa93a9eaaade3fef597f64e4978ff8886a11a39665ce2f90f9f1,2,2,succeeded,49164c6ee765146fc79912ce9f93460e3dd1514d8eae009bc24c6663926fc08d,087244e5fa585ce80f3b8a94c3ef2c773d9af6058b57f8bc36cc85d8896f0f73,16
412f6487-c711-4d43-9bcd-d4a486ff1a93,Tests,6,5,19ed40a6800c644242f3ef3bd7b12c93d07ee17dec0c9f85611e27d9e52aa07d,1,1,succeeded,cb2352b66b1cb7ad0ef9acffab56eade145894cf77b63327960fef127d90b3ca,e4a688b2cb5ec1a4b6c193e051ed00efe60b6a37f2f00cbbceb0db20e08d91f0,11
a2f64934-89fb-44a8-9167-966a0713374f,Tests,6,6,7b3b7c10d244eb289978477c1690279c4b225a5d137d5d0a7e21e4deaf2944ec,3,3,succeeded,0352961279682d27397d50592526596d81936b5190aaad79c35375e2c2672a1c,b186136f3606c33657616e23cb6c076662f003796f6c1adfbbb6bc068af506d9,19
4f35fb6d-9404-41b7-87a7-ac7a5f3d0d4d,Tests,6,7,5ef3cd8c5ebd2926d6505b09c5ce35a01b1f9fbeece0f6856191dcd43da9473b,2,2,succeeded,ab51e32f328e74dc10bbe29b38b395ed038fbd3eb10b6d7f12d5746c7f0e7943,dca1f9003cb02e7000de04e648c754003197baff0657884394dd7f3394115de7,3
72721e4f-f4d9-4066-9662-b07c7cbb8aee,Tests,6,8,840a43b427ae0b0bc7b53abc73078184b626127dcceb3ece47baae3a7452bf1e,2,2,succeeded,e22018d3455988dda3e12648c24ca05b4b19c0b16d058a753c667a63f735d5f3,111de48246fd8c3cfbd0fa2230d03e9c3451d764481cf5c0c02b52723cf540fb,7
e283e60e-b1a4-4a49-9371-79dc5d751fb2,Tests,6,9,172c6a413db2558a6ac4ab2315bcfa53f23f5a0a4e8894d9aeff259ac7f84770,2,2,succeeded,cdd8caa5ecf571b2ebcf2862812a2d0637697e93396fd49370b05beb9d0b8765,4567789221df185ea948236cb5fc4351a473f677222834708014679d9cb174a6,9
91c3f291-eea9-4d3e-b98b-a9a52428d315,Tests,6,10,58cbd2e54c87d9f03c46832eefa3ce98308156028bd83348ccde7b486bcdfe69,2,2,succeeded,00c7455f580f31a6523b496d9dc8d2ad5cffb5621e43b99388bd7c7fbb5252d4,93a29ec76fa6efbb1a737711246c51f3bba9287869fbc4d25ed6a259a1e0bb12,9
17a60ba1-fb1d-4f3c-ae04-0802877bf386,Tests,6,11,cabced2156360ab3374a176f23911ae16216bc001170b7dc9cb223fa035d3606,2,2,succeeded,cccb95d865f46fbcff34039196404346251fbc6e52e85eff85d53657f36cfee2,782aa6527b7a46064be6c561bda7bbaf76bdb25bcefa4f809dfc201a9fe6a834,10
4e2596fe-ba93-40bb-a61a-aca3700a732c,Tests,6,12,055f0b03a99758dc48ed55294fc3c8c617d5b36e8d6d14c74819102a1c8af48d,1,1,succeeded,3dbf5a6cf4713ed0a550bc92044efa30b81288f1f6b10cb560b05ab7f6fcce75,b9404d0ed770c94a6a15772ccb3f32221c9877c35e2da903e1d0741e1bd8acd1,2
2e4c8b50-317f-4b8a-bbce-66a83c8a3efa,Tests,6,13,0f848892362eadf3cbc55d348a0af77a95d9bac0c3d64121fab2af91f2c39845,2,2,succeeded,894c78b183bb052c554b4544fb0ef8e98000752ff8dee040f318f82e61bee96b,91785fdd9200c949fe4139225ea89bff1379593692031fa33ae47790575cc59a,7
7a8eed7f-c08c-40ec-85cb-742b4618f79c,Tests,6,14,753a59a926cc186090c937781e185bcaf4cef9607ced1fc95a5c7d4ddb7b1cb9,4,4,succeeded,81fbf6f5a030229b297b2f616cf7e6ecddee46456d2150bfcfde2cae621fb340,e7e00fb400cd056ec66a8c4743271bae39ffa45bde19e0eb40ecd54aff188c69,0
f3c4160e-803f-40a9-8b93-830622c40f7c,Tests,6,15,61929dde1449edb2410b8c341c146438d9810444e3bd15ef295e000151dbdd0d,3,3,succeeded,ad092c4289c4d6f3c0b66e6555d9befb0cb6b1614beb7616148865bcfe40daab,1965638231356caeb3a6bc6e356c192d0c71061084f8c173b174e4f6ba9973a0,0
f06f26cc-aa98-40ee-91d7-e0406a35eb72,Tests,6,16,4d226ded46ba96dc87a72fec1d875741e3ac826af5fc6d5df8c691543dcee399,3,3,succeeded,82ede73fd00c01cfd78093895112a86e7fb7e0365fbb6a8d8b1e257b909b7180,91708d1d54e05b08e3959fcac20d7b720e97361d7a09bfb2213f26f2c559458d,0
db3925df-6469-4629-844d-41bfdce379c0,Tests,6,17,1035b725519c8f25a6427b39be9b50f7f53a1fb7dcd01031990794b674a1e6cc,3,3,succeeded,74ebe9fa878bef4ab496ddba6f766a5ec6455114888f721ade4b478c5fdee6c5,c2d87a2d2fdbde0ba1044c7b9ea8527f39e82f7cb9fc7fc969f59a52844c9eec,0
7fb1ae38-b153-4a89-bd92-da562b55a0b3,Tests,6,18,b80eaffe4f8aafd9b49d3018859bea86246877bbc1b98dcbc448578e99de1cbc,3,3,succeeded,6376b2a39f565287eeb1117553bd4cf0eb5ac0f48862fc273ffecebda120904a,a4b0850d384c9c457730f891645b43c490345ec762f210752f648dfb535331bd,0
326d8a50-574f-4d57-b1a2-b42d36d81353,Tests,6,19,0c8bb202b1698cdbcb1a58c08010fcad6b4c3b5e69aba9ac8484a975103f6350,3,3,succeeded,dea496e2f5b8532f835ac1b23ebf7ef4e039b6ab3bb2c1f0154ddb8dc4bd640f,d8b276e818f3de0eeb4909507eecdd12411acfc3fc5dc63b9e10897790660423,0
a0090001-8b4c-447e-9523-ac34be9a976a,Tests,7,1,bfd30f82aa9003b353fedbb0e758b83fd9c2fbec914e46bcd98cccf093e79464,5,5,succeeded,c402c38b533262980ecd5ed21ac2f3cf4d6669cbdb00a5e67647d6e0c65887f8,52c069aa7f531e0a6208f846abbde6e087818ca9c0310906ce13d56140330157,0
35a218d6-b786-467d-9626-231450396d98,Tests,7,2,460901f3d02d7cba2cb9418b47e7c62cc5aa249259f89ad00eb092edd69de108,2,2,succeeded,91f8befbba90ad3e9915ed8c273a675216a1690b1966f435b2c1ebb1d34b94c3,9bb1d91694dbe0054fca04c74f2a9dbbf996317c1e7ca3f821be9c9c94c04452,13
6bced58d-761b-49c3-a3d9-69b4591b9c7d,Tests,7,3,8745054b8a72f2cc4328959f94bdd29b100df0e298cb32f19150083ff90bd002,2,2,succeeded,2874d3be2d7ff1d83d37a0a8d4851e48019c7159867b544334ecaffc41deb3e7,815e0a3bf2fb152a3ab89ad99cb76af74269bcf438677917eb7894a97c9d9900,2
c726bcf7-3eab-4674-83e9-8d18324b8496,Tests,7,4,463c98903654326d4f4c39e00228da244c9759a38c8c1a1f8bb2c5c904d28fe1,2,2,succeeded,08e211126b440d773a53f658079a5bf2c8f9449a0a7d1b00a182c9dc34f04388,3dafff0cb7ab834e5a4cff6b30de16e1f17fbc7ab0b9ceacb5ca6a3b0ef54ce7,2
053e959c-c706-4dce-bfe2-1971a385653b,Tests,7,5,96022ea235ac45007e560e9549117d327285fb3f4e484e9241ae87862f55ab35,2,2,succeeded,8c2bede4049f0a6ef2d6d0d11e20a5297d8e93a56bd7dd5b77233d91772edaad,8e1254ca407a8374b97eb2d435ce12875f65095af7507331bda4954da6faf68f,2
1db8e726-deb1-4535-a49f-11ed689696ee,Tests,7,6,9b31584a9486a3898094208ea66215de6d83271cfd191ccc3daaaa804d20118d,2,2,succeeded,ecf08d0e6ecf7a1f36efbbe502fc3c352519f1773f041d9e1a0c3369a07c6bac,af19b696f8a7e500138287e79e5cd751fd0f34f571d61bd95d2a4e89fd55c039,5
d7907698-dbc7-4600-8867-5ea552d8ac23,Tests,7,7,6c2418053210cc14b5cca2403842af949e34c148a855bf85015021bf7eda1c6c,2,2,succeeded,20ae4a292f07a5b13f06de2ce7cee5257a0492c3eb67ec5c8c521e07fab4ebf6,361ed8125fc5e08c2f04986f840aad818fbbe2dd3873690182d19d5a12015bcb,7
63aefd0d-c4da-4cbd-b681-3625297a3e9f,Tests,7,8,385f6907f79d3867f57df3d02d9ea0b0f71bd606c7d0d7ecc7c812e9446e2a98,3,3,succeeded,362b60ae54bb7695e96333b54c95e63ebf090e1f55105aba2e989d37f6dd0211,958cb4e917ed9e6286f43d5183885c2b577f5e7dc976b58a024af8ca29d1025b,0
b21c476b-4087-4a51-b583-b25326f8165d,Tests,7,9,fa43a87b6837f38d6383261d0605e3daf3ec33a521edb1571f4403b51bebafb1,1,1,succeeded,6a910e4ab8cfd9bd1c742f7c395dbc85b6327e6717c77380e73bc86dcf7bf783,a2c19fee40c5118a6a2f8e5af9b58fca08b23594b76418ed64db08fb2ba78767,11
2d99310f-3fcd-42d8-a031-5898c467b2b3,Tests,7,10,2b257eb52a91718b04bd05adfccbe1a7729ebc05f5cd14f5583a460081d05da8,2,2,succeeded,5b3611417038e435e325053c992dc872281cb28ec1e89c2346c759b1d1515f6c,48bccc3d9c55b16c2146715c78feabea74fdc4d4b3674561d812da6168d5b499,7
53737540-c3b5-4f6c-a7d5-5b34b89bf03f,Tests,7,11,02ed92583a6911570797a7ba143525f9a18790df9a356e4636e5309a02075ff1,1,1,succeeded,3a84334b899483da27d1c6194199c34c74e4ae884c8eba956ec77835937fffa0,6704aec3f1d14d7e3404e2d2e0eb6fa7f58139c1681e8399ebc8cc1eba082a2b,4
83eb2fdf-bf45-4f0b-8f53-4e06d2768113,Tests,7,12,e0bad6ba360979c49082c15934d3a5839c06c550db7d8b16f2d1ab8e0a1f24ae,2,2,succeeded,6b5ecb16a1f3ddf2279ad4ae3ff5b65ffa2454776035c85e2202b207f34906ff,14529a44c138f220eb309eb884a810cbf1f406d8b97b72ff05b2fca6a41b95fc,7
b349fd7a-bb86-49a5-afbf-92c36ef79cf0,Tests,7,13,6835edb7666f944a9de5950741d3f77484bbdced74457bf4955a6b6adc5a5d3a,3,3,succeeded,55b1842c25921e02243eea61a7e08ec625e5e52be0d2bb6606dd0360fd7c5b01,afc06819f4edaa07754a4b465a05ad8282e40538a0efc6a0ee57a18d3792b410,7
e3f900ac-1d49-4ff9-8967-e11f4ef40b6e,Tests,7,14,7b3b7c10d244eb289978477c1690279c4b225a5d137d5d0a7e21e4deaf2944ec,3,3,succeeded,9d8bb7fa554dfd294c647ffffb9875751883d8cbf098e3f4e74d57d605d6e160,5eb9b4ed28b0a9653bd0137d3be0aa2df0a589597253eee6b6f7c27c45f68630,0
2fe34684-88de-4f16-ae27-24931ca6209a,Tests,7,15,250aa25efbcefa93a9eaaade3fef597f64e4978ff8886a11a39665ce2f90f9f1,4,4,succeeded,959c21bbf5db175810814cff3bf4fe7322c67bd1b7f3398703d5d3ce588d34e8,aae7b04ddbe2637757715ca97e0ecc5b4ad53417a1b7ccbe1ccafb4394cf7304,0
6562027f-2a30-4f95-9b04-57d8c07d44be,Tests,7,16,7acfef5d32f503fa18ef921d8a88668368c7acffa0f2351846d226d2a4818031,1,1,succeeded,381f4e9585149afb603dfaa85921d49b552a8aeafce78180d13618afb3cb7c9e,7ee7961a157839eb2cb6e1e5977dccb22ec3d6bdca584ef67af89f1c29ab50a5,5
4f791e3c-36e0-475c-8aea-e14813a6bc82,Tests,7,17,19ed40a6800c644242f3ef3bd7b12c93d07ee17dec0c9f85611e27d9e52aa07d,3,3,succeeded,b1220be77982417ca00aa7976c1d94d4680b52ac904db1f27cc4ff608628fc06,4343d00295bc7727b4b46d0e8309a5f7e578c80c8b30a86b517ef75849bd323c,0
6f6ba609-189d-477a-a3c1-b01a4da25d13,Tests,7,18,055f0b03a99758dc48ed55294fc3c8c617d5b36e8d6d14c74819102a1c8af48d,2,2,succeeded,24c39481d5adc888c843ec541d67ec0eec83d5c70f13826b8007b636736694ba,447cacf6ce804ff7a1eafdb3332e74ff00c1e66ecd29a8f255f88b226dce24a8,2
bbcc5d4f-0466-4b77-8fd1-db08791e643f,Tests,7,19,c485b1b19f14af27a31e0619f7a6db3da1dcc407d63798d719f3fcfb64f4811d,2,2,succeeded,eceeddbcbb2abde034de38bd8ec3081e6f630788cfd99e46ff4d828c9df44a60,2f2d1042597ac7cb64d2723816a3cddb7d3d3231ba33518b5cac181f6759986f,9
8e409211-2b86-4eac-82ca-728e80c55cc8,Tests,7,20,753a59a926cc186090c937781e185bcaf4cef9607ced1fc95a5c7d4ddb7b1cb9,3,3,succeeded,70305c91b61507d68fd2661fedf55573a9979fb1bd11947432d055ca5a5620b2,4eae372a2d2d074a03025aa24233f8c864126330540b02b032d4e966104aa5c2,0
fdae1f33-bdf8-4c4f-947a-f7746825b271,Tests,7,21,61929dde1449edb2410b8c341c146438d9810444e3bd15ef295e000151dbdd0d,2,2,succeeded,746388fa32dad1e3a61ecbcb4f4b65bedfdc8ff28b5ead538ddda29731b97bb4,5a03a1de928b53e4dae194ec68ebb5afba7126aba4272cdc6c43e4b844685822,7
5341bfaa-79ca-48b6-8d11-3e61f873cf52,Tests,7,22,4d226ded46ba96dc87a72fec1d875741e3ac826af5fc6d5df8c691543dcee399,3,3,succeeded,2360a1ec4c65d5391070f90354a214b3a2513430607d23975535f7abb3ab3296,a760dd999cbda6396d3f8f1ea11784535092e2597f3c88f032bae7675b9a5e87,0
b75bfc55-b571-4fda-8d1e-1b7006db3980,Tests,7,23,1035b725519c8f25a6427b39be9b50f7f53a1fb7dcd01031990794b674a1e6cc,1,1,succeeded,10f5155a7ab31c4e41917a60892bfa4b9f6fc7f8d59c531516da8b562adee340,cd36d6c9dbbf6573a09654a5b6c43b821de12d33f9ece8db5f6b2efdaa5796d3,3
b87284b9-dd5f-46bf-8e8a-56daff48c613,Tests,7,24,b80eaffe4f8aafd9b49d3018859bea86246877bbc1b98dcbc448578e99de1cbc,2,2,succeeded,e29ba8c3ae697c865208ac5381ff6e7cf1d1a15dd4cd5554b75bb5bb3d4a5702,4e3c1a552f1ad0e0390420c8819f3421baa2929ced043ff1e7736369a5c3b158,4
acdc4403-c693-43a9-8852-fc1d55917823,Tests,7,25,0c8bb202b1698cdbcb1a58c08010fcad6b4c3b5e69aba9ac8484a975103f6350,3,3,succeeded,e6f00d7cee939493691573ca72788cf599b518e623dcc264288910e6a7f54f25,740e4d4679c5d97cc465cd0839aadeea78d7758101fbd4d2d7c49c7c7d2c3c3a,0
